graph_name,port,dataset_name,direction,dataset_type
ing_cards_auth.mp,in0,/data/landing/cards/auth_feed,INPUT,HDFS
ing_cards_auth.mp,out0,/data/raw/cards/auth,OUTPUT,HDFS
ing_cards_auth.mp,out1,cards_raw.auth_events,OUTPUT,HIVE
ing_cust_profile.mp,in0,/data/landing/customer/profile_feed,INPUT,HDFS
ing_cust_profile.mp,out0,cust_raw.customer_profile,OUTPUT,HIVE
bld_cards_txn_enriched.mp,in0,cards_raw.auth_events,INPUT,HIVE
bld_cards_txn_enriched.mp,in1,cust_raw.customer_profile,INPUT,HIVE
bld_cards_txn_enriched.mp,in2,ref.merchant_category,INPUT,HIVE
bld_cards_txn_enriched.mp,out0,cards_cur.txn_enriched,OUTPUT,HIVE
bld_fraud_features.mp,in0,cards_cur.txn_enriched,INPUT,HIVE
bld_fraud_features.mp,out0,risk_feat.fraud_features,OUTPUT,HIVE
score_fraud_model.mp,in0,risk_feat.fraud_features,INPUT,HIVE
score_fraud_model.mp,out0,risk_out.fraud_scores,OUTPUT,HIVE
exp_fraud_alerts.mp,in0,risk_out.fraud_scores,INPUT,HIVE
exp_fraud_alerts.mp,out0,/data/outbound/risk/fraud_alerts,OUTPUT,HDFS
bld_spend_insights.mp,in0,cards_cur.txn_enriched,INPUT,HIVE
bld_spend_insights.mp,out0,analytics.customer_spend_monthly,OUTPUT,HIVE
ing_web_clickstream.mp,in0,/data/landing/web/clickstream_feed,INPUT,HDFS
ing_web_clickstream.mp,out0,web_raw.clickstream,OUTPUT,HIVE
bld_digital_sessions.mp,in0,web_raw.clickstream,INPUT,HIVE
bld_digital_sessions.mp,in1,cust_raw.customer_profile,INPUT,HIVE
bld_digital_sessions.mp,out0,analytics.digital_sessions,OUTPUT,HIVE
ing_loan_apps.mp,in0,/data/landing/loans/applications_feed,INPUT,HDFS
ing_loan_apps.mp,out0,loans_raw.applications,OUTPUT,HIVE
bld_loan_funnel.mp,in0,loans_raw.applications,INPUT,HIVE
bld_loan_funnel.mp,in1,analytics.digital_sessions,INPUT,HIVE
bld_loan_funnel.mp,out0,analytics.loan_funnel_daily,OUTPUT,HIVE
