dataset_name,column_name,data_type,description
/data/landing/cards/auth_feed,card_number,string,
/data/landing/cards/auth_feed,auth_ts,string,
/data/landing/cards/auth_feed,merchant_id,string,
/data/landing/cards/auth_feed,amount,"decimal(11,2)",
/data/landing/cards/auth_feed,auth_code,string,
/data/raw/cards/auth,card_number,string,
/data/raw/cards/auth,auth_ts,timestamp,
/data/raw/cards/auth,merchant_id,string,
/data/raw/cards/auth,amount,"decimal(11,2)",
/data/raw/cards/auth,auth_code,string,
cards_raw.auth_events,card_number,string,
cards_raw.auth_events,auth_ts,timestamp,
cards_raw.auth_events,merchant_id,string,
cards_raw.auth_events,amount,"decimal(11,2)",
cards_raw.auth_events,auth_code,string,
/data/landing/customer/profile_feed,customer_id,string,
/data/landing/customer/profile_feed,card_number,string,
/data/landing/customer/profile_feed,segment,string,
/data/landing/customer/profile_feed,home_state,string,
cust_raw.customer_profile,customer_id,string,Customer key
cust_raw.customer_profile,card_number,string,
cust_raw.customer_profile,segment,string,
cust_raw.customer_profile,home_state,string,
ref.merchant_category,merchant_id,string,
ref.merchant_category,mcc,string,Merchant category code
ref.merchant_category,mcc_description,string,
cards_cur.txn_enriched,card_number,string,
cards_cur.txn_enriched,customer_id,string,
cards_cur.txn_enriched,txn_ts,timestamp,
cards_cur.txn_enriched,merchant_id,string,
cards_cur.txn_enriched,mcc,string,
cards_cur.txn_enriched,amount,"decimal(11,2)",
cards_cur.txn_enriched,segment,string,
risk_feat.fraud_features,customer_id,string,
risk_feat.fraud_features,txn_ts,timestamp,
risk_feat.fraud_features,amount,"decimal(11,2)",
risk_feat.fraud_features,amount_zscore,double,
risk_feat.fraud_features,mcc_risk,double,
risk_out.fraud_scores,customer_id,string,
risk_out.fraud_scores,txn_ts,timestamp,
risk_out.fraud_scores,fraud_score,double,0-1
/data/outbound/risk/fraud_alerts,customer_id,string,
/data/outbound/risk/fraud_alerts,txn_ts,timestamp,
/data/outbound/risk/fraud_alerts,fraud_score,double,
analytics.customer_spend_monthly,customer_id,string,
analytics.customer_spend_monthly,month,date,
analytics.customer_spend_monthly,segment,string,
analytics.customer_spend_monthly,total_spend,"decimal(15,2)",
/data/landing/web/clickstream_feed,session_cookie,string,
/data/landing/web/clickstream_feed,customer_id,string,
/data/landing/web/clickstream_feed,page,string,
/data/landing/web/clickstream_feed,event_ts,string,
web_raw.clickstream,session_cookie,string,
web_raw.clickstream,customer_id,string,
web_raw.clickstream,page,string,
web_raw.clickstream,event_ts,timestamp,
analytics.digital_sessions,session_id,string,
analytics.digital_sessions,customer_id,string,
analytics.digital_sessions,segment,string,
analytics.digital_sessions,session_start,timestamp,
analytics.digital_sessions,page_count,int,
/data/landing/loans/applications_feed,application_id,string,
/data/landing/loans/applications_feed,customer_id,string,
/data/landing/loans/applications_feed,product,string,
/data/landing/loans/applications_feed,applied_ts,string,
/data/landing/loans/applications_feed,status,string,
loans_raw.applications,application_id,string,
loans_raw.applications,customer_id,string,
loans_raw.applications,product,string,
loans_raw.applications,applied_ts,timestamp,
loans_raw.applications,status,string,
analytics.loan_funnel_daily,funnel_date,date,
analytics.loan_funnel_daily,product,string,
analytics.loan_funnel_daily,applications,int,
analytics.loan_funnel_daily,approvals,int,
analytics.loan_funnel_daily,digital_share,double,
