job_name,source_dataset,source_column,target_dataset,target_column,transformation
PAYEXT01,PROD.PAYROLL.EMPLOYEE.MASTER,EMP_ID,PROD.PAYROLL.GL.EXTRACT,EMP_ID,
PAYEXT01,PROD.PAYROLL.EMPLOYEE.MASTER,COST_CENTER,PROD.PAYROLL.GL.EXTRACT,COST_CENTER,
PAYEXT01,PROD.PAYROLL.EMPLOYEE.MASTER,COST_CENTER,PROD.PAYROLL.GL.EXTRACT,GL_ACCOUNT,Derived from cost center + payroll account map
PAYEXT01,PROD.PAYROLL.TIMECARDS.DAILY,HOURS_WORKED,PROD.PAYROLL.GL.EXTRACT,PAY_AMOUNT,HOURS_WORKED * hourly rate for PAY_GRADE
PAYEXT01,PROD.PAYROLL.EMPLOYEE.MASTER,PAY_GRADE,PROD.PAYROLL.GL.EXTRACT,PAY_AMOUNT,Hourly rate lookup by PAY_GRADE
PAYEXT01,PROD.PAYROLL.TIMECARDS.DAILY,WORK_DATE,PROD.PAYROLL.GL.EXTRACT,PAY_DATE,
TDPAYLD1,PROD.PAYROLL.GL.EXTRACT,EMP_ID,FIN_STG.PAYROLL_GL_STG,EMP_ID,
TDPAYLD1,PROD.PAYROLL.GL.EXTRACT,COST_CENTER,FIN_STG.PAYROLL_GL_STG,COST_CENTER,
TDPAYLD1,PROD.PAYROLL.GL.EXTRACT,GL_ACCOUNT,FIN_STG.PAYROLL_GL_STG,GL_ACCOUNT,
TDPAYLD1,PROD.PAYROLL.GL.EXTRACT,PAY_AMOUNT,FIN_STG.PAYROLL_GL_STG,PAY_AMOUNT,
TDPAYLD1,PROD.PAYROLL.GL.EXTRACT,PAY_DATE,FIN_STG.PAYROLL_GL_STG,PAY_DATE,
TDGLPST1,FIN_STG.PAYROLL_GL_STG,GL_ACCOUNT,FINANCE_DB.GL_POSTINGS,GL_ACCOUNT,
TDGLPST1,FIN_STG.PAYROLL_GL_STG,COST_CENTER,FINANCE_DB.GL_POSTINGS,COST_CENTER,
TDGLPST1,FINANCE_DB.COST_CENTER,BUSINESS_UNIT,FINANCE_DB.GL_POSTINGS,BUSINESS_UNIT,Lookup on COST_CENTER
TDGLPST1,FIN_STG.PAYROLL_GL_STG,PAY_AMOUNT,FINANCE_DB.GL_POSTINGS,AMOUNT,
TDGLPST1,FIN_STG.PAYROLL_GL_STG,PAY_DATE,FINANCE_DB.GL_POSTINGS,POSTING_DATE,
TDGLSUM1,FINANCE_DB.GL_POSTINGS,POSTING_DATE,FINANCE_RPT.GL_DAILY_SUMMARY,POSTING_DATE,
TDGLSUM1,FINANCE_DB.GL_POSTINGS,COST_CENTER,FINANCE_RPT.GL_DAILY_SUMMARY,COST_CENTER,
TDGLSUM1,FINANCE_DB.GL_POSTINGS,BUSINESS_UNIT,FINANCE_RPT.GL_DAILY_SUMMARY,BUSINESS_UNIT,
TDGLSUM1,FINANCE_DB.GL_POSTINGS,AMOUNT,FINANCE_RPT.GL_DAILY_SUMMARY,TOTAL_AMOUNT,"SUM(AMOUNT) GROUP BY POSTING_DATE, COST_CENTER"
CRDTXN01,PROD.CARDS.AUTH.LOG,CARD_NUMBER,PROD.CARDS.TXN.DAILY,CARD_NUMBER,
CRDTXN01,PROD.CARDS.AUTH.LOG,MERCHANT_ID,PROD.CARDS.TXN.DAILY,MERCHANT_ID,
CRDTXN01,PROD.CARDS.AUTH.LOG,AUTH_TS,PROD.CARDS.TXN.DAILY,TXN_DATE,DATE(AUTH_TS)
CRDTXN01,PROD.CARDS.AUTH.LOG,AUTH_AMOUNT,PROD.CARDS.TXN.DAILY,TXN_AMOUNT,Approved authorizations only (AUTH_CODE = '00')
CRDTXN01,PROD.CARDS.AUTH.LOG,AUTH_CODE,PROD.CARDS.TXN.DAILY,TXN_AMOUNT,Filter: AUTH_CODE = '00'
TDCRDLD1,PROD.CARDS.TXN.DAILY,CARD_NUMBER,CARDS_STG.TXN_DAILY_STG,CARD_NUMBER,
TDCRDLD1,PROD.CARDS.TXN.DAILY,TXN_DATE,CARDS_STG.TXN_DAILY_STG,TXN_DATE,
TDCRDLD1,PROD.CARDS.TXN.DAILY,MERCHANT_ID,CARDS_STG.TXN_DAILY_STG,MERCHANT_ID,
TDCRDLD1,PROD.CARDS.TXN.DAILY,TXN_AMOUNT,CARDS_STG.TXN_DAILY_STG,TXN_AMOUNT,
TDCRDPST,CARDS_STG.TXN_DAILY_STG,CARD_NUMBER,CARDS_DB.CARD_TRANSACTIONS,CARD_NUMBER,
TDCRDPST,CARDS_STG.TXN_DAILY_STG,TXN_DATE,CARDS_DB.CARD_TRANSACTIONS,TXN_DATE,
TDCRDPST,CARDS_STG.TXN_DAILY_STG,MERCHANT_ID,CARDS_DB.CARD_TRANSACTIONS,MERCHANT_ID,
TDCRDPST,CARDS_STG.TXN_DAILY_STG,TXN_AMOUNT,CARDS_DB.CARD_TRANSACTIONS,TXN_AMOUNT,
TDCRDPST,CUSTOMER_DB.CUSTOMER_MASTER,CUSTOMER_ID,CARDS_DB.CARD_TRANSACTIONS,CUSTOMER_ID,Lookup on CARD_NUMBER
TDFRAUD1,CARDS_DB.CARD_TRANSACTIONS,CUSTOMER_ID,RISK_DB.FRAUD_ALERTS_DAILY,CUSTOMER_ID,
TDFRAUD1,CARDS_DB.CARD_TRANSACTIONS,TXN_DATE,RISK_DB.FRAUD_ALERTS_DAILY,TXN_DATE,
TDFRAUD1,CARDS_DB.CARD_TRANSACTIONS,TXN_AMOUNT,RISK_DB.FRAUD_ALERTS_DAILY,TXN_AMOUNT,
TDFRAUD1,CARDS_DB.CARD_TRANSACTIONS,TXN_AMOUNT,RISK_DB.FRAUD_ALERTS_DAILY,RISK_REASON,Rule: TXN_AMOUNT > 3x customer 30-day average
CUSTEXT1,PROD.CIF.CUSTOMER.MASTER,CIF_ID,PROD.CIF.CUSTOMER.EXTRACT,CUSTOMER_ID,
CUSTEXT1,PROD.CIF.CUSTOMER.MASTER,CARD_NUMBER,PROD.CIF.CUSTOMER.EXTRACT,CARD_NUMBER,
CUSTEXT1,PROD.CIF.CUSTOMER.MASTER,BRANCH_ID,PROD.CIF.CUSTOMER.EXTRACT,BRANCH_ID,
CUSTEXT1,PROD.CIF.CUSTOMER.MASTER,NAME,PROD.CIF.CUSTOMER.EXTRACT,CUSTOMER_NAME,TRIM(NAME)
CUSTEXT1,PROD.CIF.CUSTOMER.MASTER,SEGMENT_CD,PROD.CIF.CUSTOMER.EXTRACT,SEGMENT,"Decode segment code (RT=Retail, PB=Private, SB=Small business)"
TDCUSLD1,PROD.CIF.CUSTOMER.EXTRACT,CUSTOMER_ID,CUSTOMER_DB.CUSTOMER_MASTER,CUSTOMER_ID,
TDCUSLD1,PROD.CIF.CUSTOMER.EXTRACT,CARD_NUMBER,CUSTOMER_DB.CUSTOMER_MASTER,CARD_NUMBER,
TDCUSLD1,PROD.CIF.CUSTOMER.EXTRACT,CUSTOMER_NAME,CUSTOMER_DB.CUSTOMER_MASTER,CUSTOMER_NAME,
TDCUSLD1,PROD.CIF.CUSTOMER.EXTRACT,SEGMENT,CUSTOMER_DB.CUSTOMER_MASTER,SEGMENT,
TDCUSLD1,PROD.CIF.CUSTOMER.EXTRACT,BRANCH_ID,CUSTOMER_DB.CUSTOMER_MASTER,BRANCH_ID,
LNSEXT01,PROD.LOANS.ACCOUNT.MASTER,LOAN_ID,PROD.LOANS.DELINQ.EXTRACT,LOAN_ID,
LNSEXT01,PROD.LOANS.ACCOUNT.MASTER,CUSTOMER_ID,PROD.LOANS.DELINQ.EXTRACT,CUSTOMER_ID,
LNSEXT01,PROD.LOANS.ACCOUNT.MASTER,BALANCE,PROD.LOANS.DELINQ.EXTRACT,BALANCE,
LNSEXT01,PROD.LOANS.ACCOUNT.MASTER,DAYS_PAST_DUE,PROD.LOANS.DELINQ.EXTRACT,DPD_BUCKET,Bucket DAYS_PAST_DUE into 30/60/90+
TDLNSLD1,PROD.LOANS.DELINQ.EXTRACT,LOAN_ID,LOANS_DB.DELINQUENCY_DAILY,LOAN_ID,
TDLNSLD1,PROD.LOANS.DELINQ.EXTRACT,CUSTOMER_ID,LOANS_DB.DELINQUENCY_DAILY,CUSTOMER_ID,
TDLNSLD1,PROD.LOANS.DELINQ.EXTRACT,BALANCE,LOANS_DB.DELINQUENCY_DAILY,BALANCE,
TDLNSLD1,PROD.LOANS.DELINQ.EXTRACT,DPD_BUCKET,LOANS_DB.DELINQUENCY_DAILY,DPD_BUCKET,
TDLNSRPT,LOANS_DB.DELINQUENCY_DAILY,LOAN_ID,RISK_DB.COLLECTIONS_QUEUE,LOAN_ID,
TDLNSRPT,LOANS_DB.DELINQUENCY_DAILY,CUSTOMER_ID,RISK_DB.COLLECTIONS_QUEUE,CUSTOMER_ID,
TDLNSRPT,LOANS_DB.DELINQUENCY_DAILY,BALANCE,RISK_DB.COLLECTIONS_QUEUE,BALANCE,
TDLNSRPT,CUSTOMER_DB.CUSTOMER_MASTER,CUSTOMER_NAME,RISK_DB.COLLECTIONS_QUEUE,CUSTOMER_NAME,Lookup on CUSTOMER_ID
TDLNSRPT,LOANS_DB.DELINQUENCY_DAILY,DPD_BUCKET,RISK_DB.COLLECTIONS_QUEUE,PRIORITY,Priority from DPD_BUCKET and BALANCE
TDLNSRPT,LOANS_DB.DELINQUENCY_DAILY,BALANCE,RISK_DB.COLLECTIONS_QUEUE,PRIORITY,Priority from DPD_BUCKET and BALANCE
