job_name,dd_name,dataset_name,direction,dataset_type,disposition
PAYEXT01,EMPIN,PROD.PAYROLL.EMPLOYEE.MASTER,INPUT,VSAM,SHR
PAYEXT01,TIMEIN,PROD.PAYROLL.TIMECARDS.DAILY,INPUT,PS,SHR
PAYEXT01,GLOUT,PROD.PAYROLL.GL.EXTRACT,OUTPUT,PS,"NEW,CATLG,DELETE"
TDPAYLD1,GLIN,PROD.PAYROLL.GL.EXTRACT,INPUT,PS,SHR
TDPAYLD1,TDSTG,FIN_STG.PAYROLL_GL_STG,OUTPUT,TERADATA,
TDGLPST1,TDSTG,FIN_STG.PAYROLL_GL_STG,INPUT,TERADATA,
TDGLPST1,TDREF,FINANCE_DB.COST_CENTER,INPUT,TERADATA,
TDGLPST1,TDTGT,FINANCE_DB.GL_POSTINGS,OUTPUT,TERADATA,
TDGLSUM1,TDSRC,FINANCE_DB.GL_POSTINGS,INPUT,TERADATA,
TDGLSUM1,TDTGT,FINANCE_RPT.GL_DAILY_SUMMARY,OUTPUT,TERADATA,
CRDTXN01,AUTHIN,PROD.CARDS.AUTH.LOG,INPUT,GDG,SHR
CRDTXN01,TXNOUT,PROD.CARDS.TXN.DAILY,OUTPUT,PS,"NEW,CATLG,DELETE"
TDCRDLD1,TXNIN,PROD.CARDS.TXN.DAILY,INPUT,PS,SHR
TDCRDLD1,TDSTG,CARDS_STG.TXN_DAILY_STG,OUTPUT,TERADATA,
TDCRDPST,TDSTG,CARDS_STG.TXN_DAILY_STG,INPUT,TERADATA,
TDCRDPST,TDCUST,CUSTOMER_DB.CUSTOMER_MASTER,INPUT,TERADATA,
TDCRDPST,TDTGT,CARDS_DB.CARD_TRANSACTIONS,OUTPUT,TERADATA,
TDFRAUD1,TDSRC,CARDS_DB.CARD_TRANSACTIONS,INPUT,TERADATA,
TDFRAUD1,TDTGT,RISK_DB.FRAUD_ALERTS_DAILY,OUTPUT,TERADATA,
CUSTEXT1,CIFIN,PROD.CIF.CUSTOMER.MASTER,INPUT,VSAM,SHR
CUSTEXT1,CUSTOUT,PROD.CIF.CUSTOMER.EXTRACT,OUTPUT,PS,"NEW,CATLG,DELETE"
TDCUSLD1,CUSTIN,PROD.CIF.CUSTOMER.EXTRACT,INPUT,PS,SHR
TDCUSLD1,TDTGT,CUSTOMER_DB.CUSTOMER_MASTER,OUTPUT,TERADATA,
LNSEXT01,LOANIN,PROD.LOANS.ACCOUNT.MASTER,INPUT,VSAM,SHR
LNSEXT01,DELQOUT,PROD.LOANS.DELINQ.EXTRACT,OUTPUT,PS,"NEW,CATLG,DELETE"
TDLNSLD1,DELQIN,PROD.LOANS.DELINQ.EXTRACT,INPUT,PS,SHR
TDLNSLD1,TDTGT,LOANS_DB.DELINQUENCY_DAILY,OUTPUT,TERADATA,
TDLNSRPT,TDSRC,LOANS_DB.DELINQUENCY_DAILY,INPUT,TERADATA,
TDLNSRPT,TDCUST,CUSTOMER_DB.CUSTOMER_MASTER,INPUT,TERADATA,
TDLNSRPT,TDTGT,RISK_DB.COLLECTIONS_QUEUE,OUTPUT,TERADATA,
